Relevance;Url;Title;02/21/2015;02/22/2015;02/25/2015;02/26/2015;02/27/2015;02/28/2015;03/01/2015;03/02/2015;03/04/2015;03/05/2015;03/06/2015;03/07/2015;03/10/2015;03/11/2015;03/12/2015;03/13/2015;03/14/2015 A;03/15/2015 A;03/16/2015;03/17/2015;03/18/2015;03/19/2015 A;03/21/2015 A;03/22/2015 A;03/23/2015;03/24/2015;
5;http://en.wikipedia.org/wiki/Dog;Dog - Wikipedia, the free encyclopedia;47;47;47;47;47;46;46;47;0;47;47;46;46;47;47;47;47;47;47;47;46;47;47;47;47;47;
4;https://www.petfinder.com/dog-breeds/;Dog Breeds | Browse 151 dog breeds | Petfinder;46;46;46;46;46;45;44;45;45;46;45;44;44;45;45;45;45;45;45;45;44;45;45;45;45;45;
4;https://www.petfinder.com/dogs/;Dog: Dog Breeds, Adoption, Bringing a Dog Home and Care;45;0;45;45;45;44;45;46;46;45;46;45;45;46;46;46;46;46;46;46;45;46;46;46;46;46;
4;http://dogtime.com/dog-breeds;Dog Breeds - DogTime.com;44;42;44;44;44;43;43;44;44;44;44;43;43;44;44;44;44;44;44;44;43;44;44;44;44;44;
4;http://www.animalplanet.com/pets/dogs/;Dogs | Animal Planet;43;40;43;43;42;42;40;42;41;43;42;41;42;43;43;43;43;43;43;43;40;42;41;41;40;40;
2;https://www.aspca.org/pet-care/virtual-pet-behaviorist/dog-behavior;Dog Behavior | ASPCA;42;38;41;42;40;0;0;39;0;0;0;0;0;0;0;0;0;0;0;0;0;0;0;40;41;42;
4;http://pets.webmd.com/dogs/;Dog Health Center | Dog Care and Information from WebMD;41;41;42;41;43;41;41;43;42;41;41;0;41;40;42;41;40;41;41;41;41;43;43;43;43;43;
3;http://www.dog.com/;Dog Supplies | Dog Accessories & Dog Products - Dog.com;40;37;40;40;41;39;39;38;39;38;39;39;39;39;39;39;39;39;39;40;39;40;39;39;39;41;
2;http://www.bbc.com/earth/story/20150220-dogs-know-if-youre-untrustworthy;BBC - Earth - Dogs can tell if you're untrustworthy;39;39;0;0;0;0;0;0;0;0;0;0;0;0;0;0;0;0;0;0;0;0;0;0;0;0;
4;http://www.huffingtonpost.com/news/dogs/;Dogs : Pictures, Videos, Breaking News - Huffington Post;38;35;39;39;37;38;38;37;37;36;36;36;38;37;38;36;34;35;36;35;37;38;36;36;32;33;
5;http://www.youtube.com/watch?v=zmIxovkV3Ro;EXTREME FUNNY DOGS COMPILATION 2014! - YouTube;37;36;37;22;2;40;42;40;35;39;43;42;40;42;40;40;42;42;40;42;42;0;40;42;42;36;
5;http://www.adoptapet.com/dog-adoption;Dog Adoption :: Search by breed, size, age and location.;36;43;6;0;0;37;36;36;36;34;37;37;37;36;36;37;36;36;37;36;38;36;34;37;37;34;
5;http://bestfriends.org/Adopt-a-Pet/Sanctuary-Animals/Search/Dog/;Sanctuary dogs - Best Friends Animal Society;35;34;0;36;34;32;0;0;0;0;0;0;0;0;0;0;0;0;0;0;0;0;0;0;0;0;
3;http://www.dogchannel.com/;Dogs, Dog Breeds, Dog Breeders & Dogs for Sale;34;33;38;37;35;34;34;34;34;33;35;34;35;35;35;34;30;33;33;32;35;33;32;33;35;30;
3;http://mashable.com/category/dog/;Dog - Mashable;33;32;35;34;31;28;29;27;26;27;28;25;29;28;29;28;27;27;29;24;29;25;18;19;22;23;
3;http://www.humanesociety.org/animals/dogs/tips/;Dog Care and Behavior Tips : The Humane Society of the ...;32;31;36;33;30;36;35;33;33;32;34;33;34;34;34;35;33;34;35;29;31;34;35;35;36;32;
3;http://www.drsfostersmith.com/dog-supplies/pr/c/3307;Dog Supplies | Dog Products & Supplies | DrsFosterSmith.com;31;30;29;27;28;31;31;29;27;29;29;28;30;27;27;27;26;28;28;30;27;29;24;27;28;26;
2;http://www.reddit.com/r/dogs/;Dogs: Four legs, big teeth, romp around. - Reddit;30;29;34;31;29;30;32;30;31;30;32;30;31;29;30;32;38;31;32;38;30;32;31;25;33;29;
2;http://www.canismajor.com/dog/;Looking For Dog Owner's guide?;29;28;31;29;27;26;26;24;14;15;15;13;15;14;15;23;22;23;25;23;23;24;19;18;23;0;
2;http://www.dogshaming.com/;Dog Shaming;28;18;30;28;10;27;20;25;25;26;17;24;27;26;26;25;24;25;27;25;26;27;23;22;25;24;
2;http://architecturefordogs.com/;Architecture for Dogs;27;27;28;26;11;19;19;13;24;25;24;15;26;24;24;22;21;22;24;22;19;19;16;16;18;11;
2;http://www.dognotebook.com/15-dangerous-dog-breeds-most-likely-to-turn-on-their-owners/;25 dangerous dog breeds most likely to turn on their owners;26;26;27;25;25;25;28;26;29;28;25;23;28;25;25;24;23;24;26;0;21;22;29;31;31;28;
2;http://www.dogster.com/;Dogster: Dogs;25;25;26;24;24;24;25;22;23;22;20;19;21;22;20;20;19;0;21;18;22;23;17;17;19;20;
5;http://theilovedogssite.com/the-10-breeds-that-enjoy-cuddling-the-most/;The 10 Dog Breeds That Enjoy Cuddling The Most;24;21;25;0;20;22;0;19;22;24;23;22;0;23;21;0;0;0;0;0;0;0;0;0;17;0;
4;http://dogs.about.com/;Dogs - Dog Breeds, Dog Health, Photos & More;23;20;24;17;13;23;24;21;17;18;18;17;19;17;22;21;20;21;22;21;20;21;20;20;21;22;
1;http://www.amazon.com/Dogs-Lewis-Blackwell/dp/0810996537;Dogs (9780810996533): Lewis Blackwell, Tim Flach: Books;22;0;0;0;12;0;0;15;18;0;0;0;22;19;18;18;16;0;10;0;18;0;1;0;14;0;
1;http://www.bankrate.com/lite/insurance/dogs-most-often-blacklisted-by-insurers-1.aspx;10 Dogs Most Often Blacklisted By Insurers - Bankrate.com;21;0;0;0;0;0;0;0;0;0;0;0;0;0;0;0;15;17;19;0;2;0;0;0;0;0;
1;http://www.amazon.com/Dogs-Emily-Gravett/dp/1416987037;Amazon.com: Dogs (9781416987031): Emily Gravett: Books;20;0;23;0;0;0;0;0;0;0;0;0;0;0;0;0;0;0;0;0;0;0;0;0;0;0;
1;http://www.tdi-dog.org/;Therapy Dogs International;19;16;18;11;7;18;30;28;15;16;16;14;16;15;16;29;28;29;30;28;28;30;27;26;27;25;
3;http://www.petco.com/Dog-Home.aspx;Dog Supplies - Dog Accessories and Dog Products from ...;18;10;13;9;4;9;11;14;10;13;13;9;14;9;10;12;10;8;12;10;11;8;12;9;6;0;
2;http://www.examiner.com/dogs;Dogs | Examiner.com;17;15;19;12;19;16;17;11;6;9;12;10;10;12;11;14;14;15;18;16;17;16;15;11;13;15;
2;https://www.facebook.com/drivingdogs/app_106365926195124;Drivingdogs - Driving dogs | Facebook;16;14;16;10;6;0;0;0;0;1;6;3;3;5;6;8;0;0;0;0;0;0;0;0;0;0;
2;http://www.greatdogsite.com/;GreatDogSite.com: Dogs - Dog Information - Dog Breeds ...;15;13;14;8;1;15;12;7;11;11;14;11;12;13;14;16;12;11;16;15;12;10;11;7;5;7;
1;http://www.omfgdogs.com/;OMFGDOGS;14;0;9;6;3;17;27;3;12;12;26;27;13;0;28;26;25;26;13;26;25;26;25;24;9;0;
3;http://www.quickanddirtytips.com/dog-trainer;The Dog Trainer :: Quick and Dirty Tips Ã¢ÂÂ¢;13;11;10;7;0;11;9;4;0;0;0;0;0;0;0;0;0;0;0;0;0;0;0;0;0;0;
3;https://twitter.com/dogs;Dogs (@dogs) | Twitter;12;0;4;0;0;6;8;2;1;5;10;6;11;11;13;15;11;10;15;14;16;12;21;21;24;10;
3;https://www.purina.com/dogs;Dogs - PurinaÃÂ®;11;0;3;38;36;33;16;10;4;4;9;8;0;4;5;7;4;0;0;0;6;2;10;4;1;0;
1;http://www.informationisbeautiful.net/visualizations/best-in-show-whats-the-top-data-dog/;Best in Show - What's the top data dog? | Information Is ...;10;12;0;5;0;20;15;9;16;17;21;18;17;0;17;17;13;12;17;0;4;0;0;0;0;0;
1;http://www.cesarsway.com/channel/dog-behavior;DOG BEHAVIOR - Canine Advice, Tips and Tutorials | Cesar ...;9;17;12;2;0;13;18;12;32;37;33;31;33;31;33;33;32;38;38;37;32;31;28;30;30;37;
5;http://www.boredpanda.com/cats-sleeping-on-dogs/;21+ Cats Who Use Dogs As Pillows | Bored Panda;8;0;0;0;0;0;0;0;0;0;0;0;0;0;0;0;0;0;0;0;0;0;0;0;0;0;
2;http://www.akc.org/dog-breeds/groups/all/;AKC Breeds - Complete Breed List - American Kennel Club;7;0;0;0;0;0;0;0;0;0;0;0;0;0;0;0;0;0;0;0;0;0;0;0;0;0;
2;http://www.orvis.com/dog-products;Orvis Quality Dog Products -- Orvis;6;8;5;0;0;3;0;0;0;0;3;0;0;0;2;3;1;0;2;1;1;4;4;0;2;8;
1;http://www.nytimes.com/interactive/2015/02/16/sports/westminster-dog-show-quiz.html;Quiz: Westminster Dog Show Look-Alikes - NYTimes.com;5;0;0;0;0;0;0;0;0;0;0;0;0;0;0;0;0;0;0;0;0;0;0;0;0;0;
3;http://wgntv.com/2015/02/20/owners-of-dogs-stolen-in-doggy-day-care-van-talk-to-wgn-day-after-reunion/;Owners of dogs stolen in doggie day care van talk to WGN ...;4;0;0;0;0;0;0;0;0;0;0;0;0;0;0;0;0;0;0;0;0;0;0;0;0;0;
1;http://www.chicagotribune.com/news/local/breaking/chi-carjackers-steal-van-with-6-dogs-from-dog-day-care-center-in-riverwest-20150218-story.html;7 dogs safe after stolen van found: 'I saw the van and ...;3;0;0;0;0;0;0;0;0;0;0;0;0;0;0;0;0;0;0;0;0;0;0;0;0;0;
1;http://www.imdb.com/title/tt0105236/;Reservoir Dogs (1992) - IMDb;2;6;0;0;0;0;0;0;0;0;0;0;0;0;0;0;0;0;1;3;0;0;0;0;0;0;
1;http://www.reshareworthy.com/33-dogs-with-unique-coats/;These 33 Dogs With The Most Unique Coats On Earth Took ...;1;3;7;3;0;0;0;0;0;0;0;0;0;0;0;0;0;0;0;0;0;0;0;0;0;0;
1;https://www.petfinder.com/pet-adoption/dog-adoption/;Dog Adoption - Petfinder;0;45;0;0;0;0;0;0;0;0;0;0;0;0;0;0;0;0;0;0;0;0;0;0;0;0;
3;https://www.petfinder.com/;Pet adoption: Want a dog or cat? Adopt a pet on Petfinder;0;44;0;0;0;0;0;0;0;0;0;0;0;0;0;0;0;0;0;0;0;0;0;0;0;0;
1;http://www.snopes.com/critters/wild/dogyears.asp;snopes.com: Dog Years;0;24;0;19;0;0;0;0;0;0;0;0;0;0;0;0;0;0;0;0;0;0;0;0;0;0;
3;http://www.amazon.com/dogs-supplies-training-beds-collars-grooming/b?ie=UTF8&node=2975312011;Amazon.com: Dog Supplies;0;23;0;21;0;0;23;0;0;0;0;0;0;0;0;0;0;0;0;0;0;0;0;0;0;0;
1;http://www.funbrain.com/galactichotdogs/;Galactic Hot Dogs - Funbrain.com;0;22;22;0;16;0;21;0;20;20;0;0;0;3;3;2;0;0;0;2;0;0;0;6;4;12;
1;http://www.austinpetsalive.org/adopt/dogs/;| Available Dogs - Austin Pets Alive!;0;19;0;16;8;0;5;0;0;2;8;2;5;0;0;0;0;0;0;0;0;0;0;0;0;0;
1;http://www.pedigree.com/all-things-dog/dog-age-calculator/;Dog Age Calculator - Convert Human Years to ... - Pedigree;0;7;33;35;32;35;33;31;30;31;30;32;32;32;32;30;29;30;31;31;24;28;26;28;29;27;
3;http://www.akc.org/dog-breeds/groups/all;AKC Breeds - Complete Breed List - American Kennel Club;0;5;0;0;0;0;0;0;0;0;0;0;0;0;0;0;0;0;0;0;0;0;0;0;0;0;
4;http://www.azhumane.org/adopt-a-pet/dogs/;Dogs and Puppies for Adoption - Arizona Humane Society;0;4;0;0;0;0;0;0;0;0;2;0;0;0;0;0;0;0;5;5;0;0;0;0;0;1;
1;http://baltimoreanimalshelter.org/adopt/adoptable-dogs;BARCS :: Adoptable Dogs;0;2;0;0;0;0;0;0;0;0;0;0;0;0;0;6;0;0;0;0;0;0;0;0;0;0;
1;https://www.sfspca.org/adoptions/dogs;Dogs | SF SPCA;0;1;2;0;0;0;0;0;0;0;0;0;0;0;0;0;0;0;0;0;0;0;0;29;0;0;
1;http://www.nbcnews.com/news/us-news/class-action-lawsuit-claims-purinas-beneful-poisoning-killing-dogs-n312176;Class-Action Lawsuit Claims Purina's Beneful Is Poisoning ...;0;0;32;0;0;0;0;0;0;0;0;0;0;0;0;0;0;0;0;0;0;0;0;0;0;0;
2;http://fox4kc.com/2015/02/25/dog-food-lawsuit-against-purina-claims-internal-bleeding-kidney-failure-death-in-dogs/;Dog food lawsuit against Purina claims internal bleeding ...;0;0;21;0;0;0;0;0;0;0;0;0;0;0;0;0;0;0;0;0;0;0;0;0;0;0;
2;http://www.usatoday.com/story/news/2015/02/25/lawsuit-claims-purina-dog-food-killing-dogs/23991779/;Lawsuit claims Purina brand is killing dogs - USA Today;0;0;20;20;0;0;0;0;0;0;0;0;0;0;0;0;0;0;0;0;0;0;0;0;0;0;
1;http://www.sfgate.com/bayarea/article/Santa-Cruz-County-horror-2-dogs-stuffed-in-6096911.php;Santa Cruz County horror: 2 dogs stuffed in sandbags ...;0;0;17;0;0;0;0;0;0;0;0;0;0;0;0;0;0;0;0;0;0;0;0;0;0;0;
1;http://www.cnn.com/2015/02/24/us/dog-food-lawsuit/;Lawsuit says Purina food harms dogs-  company denies Ã;0;0;0;15;0;0;0;0;0;0;0;0;0;0;0;0;0;0;0;0;0;0;0;0;0;0;
4;http://www.akc.org/dog-breeds/;Dog Breeds - American Kennel Club;0;0;11;32;33;7;6;1;0;6;4;0;6;30;31;31;35;32;34;33;36;35;33;32;38;31;
2;http://aplus.com/a/dog-texting-messages;If Your Dog Could Text, He Would Probably Send You ...;0;0;8;4;0;14;13;8;0;0;0;0;0;0;0;0;0;0;0;0;0;0;0;0;0;0;
3;http://welcome.guidedogs.com/;Guide Dogs for the Blind: Partnering people who are blind ...;0;0;1;0;0;8;10;5;3;7;11;7;9;8;9;13;9;4;8;9;9;6;7;3;0;6;
1;http://www.nbcnews.com/news/us-news/lawsuit-claims-purinas-beneful-poisoning-killing-dogs-n312176;Lawsuit Claims Purina's Beneful Is Poisoning, Killing Dogs ...;0;0;0;30;0;0;0;0;0;0;0;0;0;0;0;0;0;0;0;0;0;0;0;0;0;0;
1;http://nypost.com/2015/02/25/thousands-of-dogs-killed-by-purina-pet-food-suit/;Thousands of dogs killed by Purina pet food: suit | New York ...;0;0;0;23;0;0;0;0;0;0;0;0;0;0;0;0;0;0;0;0;0;0;0;0;0;0;
1;http://dfw.cbslocal.com/2015/02/25/firefighter-social-media-post-of-dogs-shot-sparks-outrage/;Firefighter's Social Media Post Of Dogs Shot Sparks Outrage ...;0;0;0;18;0;0;0;0;0;0;0;0;0;0;0;0;0;0;0;0;0;0;0;0;0;0;
2;http://www.nycgovparks.org/facilities/dogareas;Dog-friendly Areas : NYC Parks;0;0;0;15;9;0;0;20;0;0;22;16;0;16;0;0;18;9;14;12;14;11;13;0;0;0;
2;http://www.pawschicago.org/adoptions/dogs-available-for-adoption/;Dogs Available for Adoption | PAWS Chicago;0;0;0;14;0;0;0;32;0;0;31;35;0;33;0;0;31;0;0;27;34;0;0;23;26;0;
1;http://www.dailyfinance.com/2015/02/25/purina-food-killed-hurt-dogs-suit-says/;Thousands of Dogs Hurt and Killed by Purina Food, Suit Says;0;0;0;13;0;0;0;0;0;0;0;0;0;0;0;0;0;0;0;0;0;0;0;0;0;0;
2;http://www.dogfoodadvisor.com/;Dog Food Advisor: Dog Food Reviews and Ratings;0;0;0;1;0;0;0;0;0;0;0;0;0;0;0;0;0;0;0;0;0;0;0;0;0;0;
1;http://nypost.com/2015/02/26/fireman-gloats-on-social-media-after-killing-neighbors-dogs/;Fireman gloats online after killing neighbor's dogs | New ...;0;0;0;0;39;0;0;0;0;0;0;0;0;0;0;0;0;0;0;0;0;0;0;0;0;0;
1;http://atlantahumane.org/adopt/adopt-a-dog/alpharetta-campus-dogs/;Mansell Campus Dogs - Atlanta Humane Society;0;0;0;0;38;0;37;0;38;35;0;0;36;0;37;38;0;37;0;0;0;37;0;0;0;38;
3;http://www.sciencekids.co.nz/sciencefacts/animals/dog.html;Dog Facts - Science for Kids;0;0;0;0;26;0;0;0;0;0;0;0;0;0;0;0;0;0;0;0;0;0;0;0;0;0;
1;http://time.com/3724339/dogs-boston-snow-weymouth/;Boston Area Dogs Are Climbing Snow Banks to Escape | TIME;0;0;0;0;23;0;0;0;0;0;0;0;0;0;0;0;0;0;0;0;0;0;0;0;0;0;
1;http://www.washingtonpost.com/blogs/wonkblog/wp/2015/02/26/how-little-tiny-dogs-won-americas-heart-and-took-over-the-country/;Tiny dogs are taking over this country - The Washington Post;0;0;0;0;22;0;0;0;0;0;0;0;0;0;0;0;0;0;0;0;0;0;0;0;0;0;
1;http://www.snopes.com/crime/warnings/dogstickers.asp;snopes.com: Colored Stickers Target Homes of Dog Owners;0;0;0;0;21;12;7;0;0;3;7;4;0;0;0;5;2;0;0;0;0;0;0;0;0;0;
1;http://www.chron.com/news/houston-texas/article/Texas-firefighter-kills-dogs-posts-pictures-6103300.php;Texas firefighter kills dogs, posts pictures on Facebook ...;0;0;0;0;18;0;0;0;0;0;0;0;0;0;0;0;0;0;0;0;0;0;0;0;0;0;
1;http://www.fox4news.com/story/28199241/firefighter-fired-after-posting-picture-of-dead-dogs;Firefighter resigns after posting picture of dead dogs - Dallas ...;0;0;0;0;17;0;0;0;0;0;0;0;0;0;0;0;0;0;0;0;0;0;0;0;0;0;
1;http://www.nbcbayarea.com/news/local/Dogs-Were-Poisoned-Discovery-Bay-Man-Sues-Purina-After-His-Dogs-Die-Get-Sick-294255971.html;"Dogs Were ""Poisoned"": Discovery Bay Man Sues Purina ...";0;0;0;0;15;0;0;0;0;0;0;0;0;0;0;0;0;0;0;0;0;0;0;0;0;0;
2;http://barkpost.com/these-before-and-after-adoption-pictures-of-dogs-will-make-eyes-wet/;17 Before And After Pics Of Adopted Dogs To Warm Your ...;0;0;0;0;14;0;0;0;0;0;0;0;0;0;0;0;0;0;0;0;0;0;0;0;0;0;
1;http://www.foxnews.com/us/2015/02/26/texas-volunteer-firefighter-reportedly-resigns-after-dead-dog-posting/;Texas volunteer firefighter resigns after allegedly killing ...;0;0;0;0;5;0;0;0;0;0;0;0;0;0;0;0;0;0;0;0;0;0;0;0;0;0;
1;https://www.thedodo.com/women-care-for-dogs-china-1013138014.html;5 Elderly Ladies Devote Their Lives To 1,300 Stray Dogs;0;0;0;0;0;29;3;0;0;0;0;0;0;0;0;0;0;0;0;0;0;0;0;0;0;0;
1;http://www.amazon.com/Dog-Matthew-Van-Fleet/dp/1416941371;Dog: Matthew Van Fleet, Brian Stanton: 9781416941378 ...;0;0;0;0;0;21;0;16;0;0;19;0;0;18;19;0;0;20;0;0;0;0;0;0;15;0;
1;http://www.nbcnews.com/news/us-news/pit-bull-attack-kills-two-dogs-leaves-woman-hospitalized-n314836;Pit Bull Attack Kills Two Dogs, Leaves Woman Hospitalized ...;0;0;0;0;0;10;14;0;0;0;0;0;0;0;0;0;0;0;0;0;0;0;0;0;0;0;
1;https://www.facebook.com/DogsonDeployment;Dogs on Deployment - Santee, CA - Community ... - Facebook;0;0;0;0;0;5;2;0;0;0;0;0;0;0;0;0;0;0;0;0;0;0;0;0;0;0;
1;http://icanhas.cheezburger.com/tag/dogs;dogs - I Can Has Cheezburger? - dogs - Lolcats n Funny ...;0;0;0;0;0;4;1;0;0;0;5;0;0;2;4;9;6;2;6;0;0;0;0;0;0;0;
3;http://www.dogfoodadvisor.com/best-dog-foods/;Best Dog Foods - Dog Food Advisor;0;0;0;0;0;2;0;0;0;0;0;0;0;0;0;0;0;0;0;0;0;0;0;0;0;0;
1;http://www.greenies.com/dogs/dog-dental-chews.aspx;GREENIESÂ® Dog Dental Chews & Treats - Greenies.com;0;0;0;0;0;1;0;0;0;0;0;0;0;0;0;0;0;0;0;0;0;0;0;0;0;0;
1;http://mic.com/articles/104474/brain-scans-reveal-what-dogs-really-think-of-us;Brain Scans Reveal What Dogs Really Think of Us - Mic;0;0;0;0;0;0;22;23;21;0;0;0;0;0;0;0;0;0;0;0;0;0;0;0;0;0;
1;http://barkpost.com/vicktory-dogs/;These Were Michael Vick's Fighting Dogs-- But See Where ...;0;0;0;0;0;0;4;0;0;0;0;0;0;0;0;0;0;0;0;0;0;0;0;0;0;0;
3;http://www.animalplanet.com/tv-shows/dogs-101/;Dogs 101 | Animal Planet;0;0;0;0;0;0;0;41;40;42;0;0;0;0;0;0;0;0;0;0;0;0;0;0;0;39;
2;http://www.seattlehumane.org/adopt/pets/dogs;Available Dogs | Seattle Humane Society;0;0;0;0;0;0;0;35;0;0;38;38;2;38;0;0;37;0;0;34;0;0;0;0;0;0;
1;http://www.buzzfeed.com/kaelintully/dogs-are-better-than-boys-not-sorry-for-saying-that;17 Dogs Who Are Polite Little Gentlemen - BuzzFeed;0;0;0;0;0;0;0;18;7;0;0;0;0;0;0;0;0;0;0;0;0;0;0;0;0;0;
4;http://www.amazon.com/dogs-supplies-training-beds-collars-grooming/b?node=2975312011;Amazon.com: Dog Supplies;0;0;0;0;0;0;0;17;0;21;0;21;23;21;0;0;17;19;0;20;0;18;0;15;0;17;
1;http://www.nydailynews.com/life-style/dogs-people-lying-study-suggests-article-1.2134387;Dogs know when people are lying, study suggests - NY ...;0;0;0;0;0;0;0;6;0;0;0;0;0;0;0;0;0;0;0;0;0;0;0;0;0;0;
3;http://www.aspca.org/pet-care/virtual-pet-behaviorist/dog-behavior;Dog Behavior | ASPCA;0;0;0;0;0;0;0;0;43;40;40;40;0;41;41;42;41;40;42;39;0;41;42;0;0;0;
1;https://www.thedodo.com/dogs-in-deep-snow-1021626946.html;12 Dogs Who Really Didn't Expect The Snow To Be This Deep;0;0;0;0;0;0;0;0;28;0;0;0;0;0;0;0;0;0;0;0;0;0;0;0;0;0;
1;http://www.tmz.com/2015/03/04/karreuche-tran-chris-brown-baby-photo/;Karrueche Tran -- At Least One of Her Dogs Is On Its Leash ...;0;0;0;0;0;0;0;0;19;0;0;0;0;0;0;0;0;0;0;0;0;0;0;0;0;0;
1;http://www.nytimes.com/video/science/100000003273592/how-dogs-drink.html;ScienceTake | How Dogs Drink - Video - NYTimes.com;0;0;0;0;0;0;0;0;13;0;0;0;0;0;0;0;0;0;0;0;0;0;0;0;0;0;
1;http://www.kgw.com/story/news/local/animal/2015/03/03/dogs-jackson-county-rescue-kennel-ohs/24338163/;Dogs rescued from illegal kennel up for adoption March 4 at ...;0;0;0;0;0;0;0;0;9;0;0;0;0;0;0;0;0;0;0;0;0;0;0;0;0;0;
1;https://instagram.com/richdogsofig/;Rich Dogs Of Instagram (@richdogsofig) â¢ Instagram photos ...;0;0;0;0;0;0;0;0;8;10;0;5;0;0;0;0;0;0;0;0;0;0;0;0;10;4;
1;http://ftw.usatoday.com/2015/03/churro-dogs-arizona-diamondbacks;'Churro Dogs' to grace Arizona Diamondbacks ballpark this ...;0;0;0;0;0;0;0;0;5;19;0;0;0;0;0;0;0;0;0;0;0;0;0;0;0;0;
1;http://news.nationalgeographic.com/news/2015/03/150304-neanderthal-shipman-predmosti-wolf-dog-lionfish-jagger-pogo-ngbooktalk/;Did Dog-Human Alliance Drive Out the Neanderthals?;0;0;0;0;0;0;0;0;2;0;0;0;0;0;0;0;0;0;0;0;0;0;0;0;0;0;
1;http://www.slate.com/articles/video/slate_v/2015/03/dog_rescues_local_news_stations_cover_dogs_pulled_to_safely_during_extreme.html;Saving Dogs From Winter Snow and Ice - Slate;0;0;0;0;0;0;0;0;0;23;0;0;0;0;0;0;0;0;0;0;0;0;0;0;0;0;
1;http://www.nbcdfw.com/news/local/Hunt-Co-Fireman-Arrested-After-Facebook-Post-of-Dead-Dogs-295016571.html;Hunt Co. Fireman Arrested After Facebook Post of Dead Dogs;0;0;0;0;0;0;0;0;0;14;0;0;0;0;0;0;0;0;0;0;0;0;0;0;0;0;
1;http://www.buzzfeed.com/peteraldhous/oklahomas-death-penalty-plan-would-be-too-cruel-for-dogs;Oklahoma's Death Penalty Plan Would Be Too Cruel For Dogs;0;0;0;0;0;0;0;0;0;8;0;0;0;0;0;0;0;0;0;0;0;0;0;0;0;0;
1;http://mashable.com/2015/03/06/stowaway-chihuahua/;Stowaway Chihuahua reminds you to inspect your suitcase ...;0;0;0;0;0;0;0;0;0;0;27;0;0;0;0;0;0;0;0;0;0;0;0;0;0;0;
1;http://indyhumane.org/index.php/find_pet/dogs/adoptable_dogs;Humane Society of Indianapolis - Dogs;0;0;0;0;0;0;0;0;0;0;1;0;0;0;0;0;0;0;0;0;0;0;0;0;8;0;
1;http://www.mlive.com/news/ann-arbor/index.ssf/2015/03/missing_siberian_husky_found_i.html;After 2 missing dogs found in Detroit, owner still looking for 1 ...;0;0;0;0;0;0;0;0;0;0;0;29;0;0;0;0;0;0;0;0;0;0;0;0;0;0;
1;http://www.npr.org/2015/03/06/391244526/iditarods-top-dogs-will-brave-new-twists;Iditarod's Top Dogs Will Brave New Twists : NPR;0;0;0;0;0;0;0;0;0;0;0;26;0;0;0;0;0;0;0;0;0;0;0;0;0;0;
1;http://newyork.cbslocal.com/2015/03/06/coyotes-seen-going-after-large-dogs-in-stamford-connecticut/;Large Dogs Targeted By Coyotes In Stamford, Connecticut ...;0;0;0;0;0;0;0;0;0;0;0;12;0;0;0;0;0;0;0;0;0;0;0;0;0;0;
1;http://news.nationalgeographic.com/news/2015/02/150212-dogs-human-emotion-happy-angry-animals-science/;Dogs Know What That Smile on Your Face Means;0;0;0;0;0;0;0;0;0;0;0;1;0;0;0;0;5;7;0;0;0;0;0;0;0;0;
1;http://www.livescience.com/45894-dog-cat-people-personalities.html;Dog People vs. Cat People: Who's More Intelligent?;0;0;0;0;0;0;0;0;0;0;0;0;25;0;0;0;0;0;0;0;0;0;0;0;0;0;
1;http://www.buzzfeed.com/rossalynwarren/one-dog-is-dead-and-others-have-fallen-ill-in-a-scandal-that;Two Dogs Are Dead And Others Have Fallen Ill In A Scandal ...;0;0;0;0;0;0;0;0;0;0;0;0;24;0;0;0;0;0;0;0;0;0;0;0;0;0;
1;http://barkpost.com/dogs-love-us-like-family/;Scientific Proof That Dogs Love Us Like Family - BarkPost;0;0;0;0;0;0;0;0;0;0;0;0;18;0;0;0;0;0;0;0;0;0;0;0;0;0;
1;http://www.bbc.com/news/health-31785245;BBC News - Frankie the dog 'sniffs out thyroid cancer';0;0;0;0;0;0;0;0;0;0;0;0;8;0;0;0;0;0;0;0;0;0;0;0;0;0;
1;http://theilovedogssite.com/dog-locked-up-for-9-years-in-finally-adopted-watch-what-he-does/;Dog In Shelter for 9 Years Is FINALLY Adopted! Watch What ...;0;0;0;0;0;0;0;0;0;0;0;0;7;0;0;0;0;0;0;0;0;1;0;0;0;0;
1;http://www.wxyz.com/news/woman-in-town-for-dog-show-gets-van-stolen-with-dogs-inside-one-of-three-dogs-still-missing;Third show dog recovered after van stolen in Ann Arbor ...;0;0;0;0;0;0;0;0;0;0;0;0;4;0;0;0;0;0;0;0;0;0;0;0;0;0;
3;http://www.sciencedaily.com/news/plants_animals/dogs/;Dogs News -- ScienceDaily;0;0;0;0;0;0;0;0;0;0;0;0;1;7;8;10;7;0;0;0;0;0;0;0;0;0;
1;http://kdvr.com/2015/03/10/poisoning-of-prairie-dogs-starts-in-castle-rock-protesters-express-outrage-and-sadness/;Poisoning of prairie dogs starts in Castle Rock; protesters ...;0;0;0;0;0;0;0;0;0;0;0;0;0;0;0;0;0;0;0;0;0;0;0;0;0;
1;http://www.herodogawards.org/vote;2015 Voting | Hero Dog Awards;0;0;0;0;0;0;0;0;0;0;0;0;0;6;0;0;0;0;0;0;0;0;0;0;0;0;
1;http://textfromdog.tumblr.com/;Text From Dog;0;0;0;0;0;0;0;0;0;0;0;0;0;1;1;0;0;0;0;0;0;0;0;0;0;0;
1;http://time.com/3742398/man-tips-waitress-36-dollars-in-honor-of-deceased-brother/;The Reason This Man Gave a $36 Tip for Hot Dogs Is ... - Time;0;0;0;0;0;0;0;0;0;0;0;0;0;0;23;11;0;0;0;0;0;0;0;0;0;0;
1;http://www.nybooks.com/blogs/nyrblog/2015/mar/10/dantes-dogs/;Dante's Dogs by Alberto Manguel | NYRblog | The New York ...;0;0;0;0;0;0;0;0;0;0;0;0;0;0;12;0;0;1;0;0;0;0;0;0;0;0;
1;http://www.usatoday.com/story/travel/columnist/greatamericanbites/2015/03/12/wienerschnitzel/70200146/;Fun fast food: Hot dogs at Wienerschnitzel - USA Today;0;0;0;0;0;0;0;0;0;0;0;0;0;0;7;0;0;0;0;0;0;0;0;0;0;0;
3;http://www.trainpetdog.com/;Dog Training | Dog & Puppy Obedience Training | Dog ...;0;0;0;0;0;0;0;0;0;0;0;0;0;0;0;4;3;3;7;7;7;3;3;1;0;0;
1;http://rt.com/news/240129-china-dogs-bite-car/;Canine karma: Dog kicked by driver brings pack of friends to ...;0;0;0;0;0;0;0;0;0;0;0;0;0;0;0;1;0;0;0;0;0;0;0;0;0;0;
3;http://www.walmart.com/cp/Dogs/202072;Dogs - Walmart.com;0;0;0;0;0;0;0;0;0;0;0;0;0;0;0;0;8;6;0;13;13;9;8;14;16;16;
2;http://mom.me/pets/dogs/18024-12-dog-breeds-apartment-dwellers/;12 Dog Breeds for Apartment Dwellers - Dogs Tips & Advice ...;0;0;0;0;0;0;0;0;0;0;0;0;0;0;0;0;0;18;0;0;0;0;0;0;0;0;
1;http://www.mprnews.org/story/2015/03/15/pack-of-wild-dogs-kills-woman-on-rosebud-reservation;Pack of wild dogs kills woman on Rosebud Reservation ...;0;0;0;0;0;0;0;0;0;0;0;0;0;0;0;0;0;16;0;0;0;0;0;0;0;0;
1;http://pbskids.org/wordworld/characters/game_dlp.html;WordWorld . Dog's Letter Pit | PBS KIDS;0;0;0;0;0;0;0;0;0;0;0;0;0;0;0;0;0;5;9;11;0;0;0;0;0;0;
1;http://theilovedogssite.com/10-most-hyper-dog-breeds/;10 Most Hyper Dog Breeds - The I Love Dogs Site;0;0;0;0;0;0;0;0;0;0;0;0;0;0;0;0;0;0;23;0;0;0;0;0;0;0;
1;http://mom.me/pets/dogs/17977-13-ways-your-dog-shows-love/;13 Ways Your Dog Shows Love - Dogs Tips & Advice | mom ...;0;0;0;0;0;0;0;0;0;0;0;0;0;0;0;0;0;0;20;0;0;0;0;0;0;0;
1;http://www.boredpanda.com/hot-dudes-with-dogs-instagram/;'Hot Dudes With Dogs' Instagram Brings Two Of Your ...;0;0;0;0;0;0;0;0;0;0;0;0;0;0;0;0;0;0;11;0;0;0;0;0;0;0;
1;http://www.doghaus.com/;Dog Haus;0;0;0;0;0;0;0;0;0;0;0;0;0;0;0;0;0;0;4;0;0;0;0;0;0;0;
3;http://www.chewy.com/dog/food-treats-332;Dog Food & Treats - Free shipping at Chewy.com;0;0;0;0;0;0;0;0;0;0;0;0;0;0;0;0;0;0;3;0;0;0;0;0;0;0;
1;http://www.npr.org/2015/03/15/390493491/police-dog-on-payroll-indiana-bones-is-womans-best-friend;Police Dog On Payroll: 'Indiana Bones' Is Woman's Best ...;0;0;0;0;0;0;0;0;0;0;0;0;0;0;0;0;0;0;0;19;0;0;0;0;0;0;
1;http://www.boston.com/news/local/massachusetts/2015/03/17/bridgewater-police-investigate-shooting-deaths-dogs/hxniAFUi7FvVu5pmyet29H/story.html;Bridgewater police investigate shooting deaths of dogs ...;0;0;0;0;0;0;0;0;0;0;0;0;0;0;0;0;0;0;0;17;0;0;0;0;0;0;
1;http://www.crifdogs.com/;Crif Dogs;0;0;0;0;0;0;0;0;0;0;0;0;0;0;0;0;0;0;0;8;8;5;0;0;0;0;
1;https://www.maxfund.org/adopt-a-dog/;Adopt a Dog | MaxFund;0;0;0;0;0;0;0;0;0;0;0;0;0;0;0;0;0;0;0;6;0;0;0;0;0;0;
1;https://instagram.com/hotdudeswithdogs/;Hot Dudes With Dogs (@hotdudeswithdogs) • Instagram ...;0;0;0;0;0;0;0;0;0;0;0;0;0;0;0;0;0;0;0;4;0;0;0;0;0;0;
1;https://www.seattlehumane.org/adopt/pets/dogs;Available Dogs | Seattle Humane Society;0;0;0;0;0;0;0;0;0;0;0;0;0;0;0;0;0;0;0;0;33;0;0;34;34;0;
1;https://www.coldwellbanker.com/dogs;Coldwell Banker Dog Commercial | Homes for Dogs ...;0;0;0;0;0;0;0;0;0;0;0;0;0;0;0;0;0;0;0;0;15;15;0;0;7;9;
2;http://animals.howstuffworks.com/pets/dog.htm;How Dogs Work - HowStuffWorks;0;0;0;0;0;0;0;0;0;0;0;0;0;0;0;0;0;0;0;0;10;7;9;5;3;5;
1;http://www.freep.com/story/news/local/michigan/detroit/2015/03/16/dog-owner-arrested-mauling/24872671/;Owner of dogs involved in near-fatal mauling arrested;0;0;0;0;0;0;0;0;0;0;0;0;0;0;0;0;0;0;0;0;5;0;0;0;0;0;
1;http://theilovedogssite.com/8-major-retail-stores-that-allow-dogs/;8 Major Retail Stores That Allow Dogs - The I Love Dogs Site;0;0;0;0;0;0;0;0;0;0;0;0;0;0;0;0;0;0;0;0;3;0;0;0;0;0;
1;http://www.youtube.com/watch?v=NyFBbQrNLjA;Best funny and cute dog videos compilation 2014 - YouTube;0;0;0;0;0;0;0;0;0;0;0;0;0;0;0;0;0;0;0;0;0;39;0;0;0;35;
1;http://www.9news.com/story/life/pets/2015/03/18/flight-brings-22-rescue-dogs-to-colorado/24978205/;22 dogs rescued from kill shelter brought to Colorado - 9News;0;0;0;0;0;0;0;0;0;0;0;0;0;0;0;0;0;0;0;0;0;17;0;0;0;0;
1;http://thechive.com/2015/03/19/dogs-that-have-made-poor-life-decisions-24-photos/;Dogs that have made poor life decisions (27 Photos ...;0;0;0;0;0;0;0;0;0;0;0;0;0;0;0;0;0;0;0;0;0;14;0;0;0;0;
1;http://abcnews.go.com/Health/dogs-love-owners-love-hormone-makes-dogs-mans/story?id=29731708;'Love Hormone' Makes Dogs Man's Best Friend, Study Says;0;0;0;0;0;0;0;0;0;0;0;0;0;0;0;0;0;0;0;0;0;13;0;0;0;0;
3;http://atlantahumane.org/adopt/adopt-a-dog/howell-mill-campus-dogs/;Atlanta Humane Society Howell Mill Campus Dogs - Atlanta ...;0;0;0;0;0;0;0;0;0;0;0;0;0;0;0;0;0;0;0;0;0;0;38;0;0;0;
1;http://www.usatoday.com/story/news/2015/03/20/korea-dog-meat-farm-rescue-california/25110277/;Dogs saved from Korean dog-meat farm arrive in Calif.;0;0;0;0;0;0;0;0;0;0;0;0;0;0;0;0;0;0;0;0;0;0;37;38;0;0;
1;http://www.latimes.com/local/lanow/la-me-ln-dogs-rescued-from-meat-farm-up-for-adoption-20150320-story.html;57 dogs rescued from South Korean farm are up for ...;0;0;0;0;0;0;0;0;0;0;0;0;0;0;0;0;0;0;0;0;0;0;22;13;0;0;
1;http://www.nbcbayarea.com/news/local/Rescued-Korean-Meat-Farm-Dogs-Taken-to-Shelters-for-Adoption-297062161.html;Rescued Korean Meat-Farm Dogs Taken to Shelters for ...;0;0;0;0;0;0;0;0;0;0;0;0;0;0;0;0;0;0;0;0;0;0;14;0;0;0;
1;http://www.cbsnews.com/news/dogs-rescued-from-korean-dog-meat-farm-transported-to-california/;Dogs rescued from Korean dog meat farm transported to ...;0;0;0;0;0;0;0;0;0;0;0;0;0;0;0;0;0;0;0;0;0;0;6;0;0;0;
1;http://blogs.wsj.com/korearealtime/2015/03/21/dogs-saved-from-south-korean-dinner-plates-by-u-s-animal-welfare-group/;Dog Farmers in South Korea Offered a Way Out As Canine ...;0;0;0;0;0;0;0;0;0;0;0;0;0;0;0;0;0;0;0;0;0;0;5;0;0;0;
1;http://www.wxyz.com/news/57-dogs-and-puppies-rescued-from-dog-meat-farm-in-south-korea;57 dogs and puppies rescued from dog meat farm in South ...;0;0;0;0;0;0;0;0;0;0;0;0;0;0;0;0;0;0;0;0;0;0;2;0;0;0;
1;http://www.americanthinker.com/articles/2015/03/old_dogs_doing_old_tricks.html;Articles: Old Dogs Doing Old Tricks - American Thinker;0;0;0;0;0;0;0;0;0;0;0;0;0;0;0;0;0;0;0;0;0;0;0;12;0;0;
1;http://www.mnn.com/family/pets/quiz/how-fluent-are-you-in-dog-speak;How fluent are you in dog-speak? - Mother Nature Network;0;0;0;0;0;0;0;0;0;0;0;0;0;0;0;0;0;0;0;0;0;0;0;10;12;13;
1;http://www.news10.net/story/news/local/sacramento/2015/03/20/dogs-saved-south-korea-meat-farm-arrive-in-sacramento/25116955/;10 dogs rescued from South Korea meat farm arrive in ...;0;0;0;0;0;0;0;0;0;0;0;0;0;0;0;0;0;0;0;0;0;0;0;8;0;0;
3;http://www.sspca.org/adopt/meet-adoptable-pets/dogs/;Dogs | Sacramento SPCA;0;0;0;0;0;0;0;0;0;0;0;0;0;0;0;0;0;0;0;0;0;0;0;2;0;0;
;http://www.techtimes.com/articles/3729/20140225/dogs-are-wired-to-understand-human-emotions-and-react-accordingly-study.htm;Dogs are wired to understand human emotions and react ...;0;0;0;0;0;0;0;0;0;0;0;0;0;0;0;0;0;0;0;0;0;0;0;0;11;0;
;http://time.com/3755806/drones-stray-dogs-houston/;Drones Help Find Stray Dogs in Texas | TIME;0;0;0;0;0;0;0;0;0;0;0;0;0;0;0;0;0;0;0;0;0;0;0;0;0;21;
;http://theoatmeal.com/comics/dog_paradox;My Dog: The Paradox - The Oatmeal;0;0;0;0;0;0;0;0;0;0;0;0;0;0;0;0;0;0;0;0;0;0;0;0;0;19;
;http://www.9news.com/story/life/2015/03/23/puppy-mill-dogs-dumb-friends-league/70347426/;30 dogs rescued from puppy mills arrive in Denver - 9News;0;0;0;0;0;0;0;0;0;0;0;0;0;0;0;0;0;0;0;0;0;0;0;0;0;18;
;http://www.npr.org/blogs/health/2014/11/28/367092004/how-dogs-understand-what-we-say;How Dogs Understand What We Say : Shots - Health News ...;0;0;0;0;0;0;0;0;0;0;0;0;0;0;0;0;0;0;0;0;0;0;0;0;0;14;
;http://www.puppyfind.com/;Puppies for Sale, Dogs for Sale and Dog Breeders;0;0;0;0;0;0;0;0;0;0;0;0;0;0;0;0;0;0;0;0;0;0;0;0;0;3;
;http://www.usatoday.com/story/tech/2015/03/24/drones-being-used-to-track-houstons-stray-dogs/70363942/;Drones being used to track Houston's stray dogs - USA Today;0;0;0;0;0;0;0;0;0;0;0;0;0;0;0;0;0;0;0;0;0;0;0;0;0;2;
